# OTP Is mocked
insert into tenant (id, name) VALUES ('tenant1', 'tenant 1') ON DUPLICATE KEY UPDATE id = "tenant1";
insert into auth_code_config (tenant_id, ttl, length) values ('tenant1', 900, 50) ON DUPLICATE KEY UPDATE tenant_id = "tenant1";
insert into email_config (tenant_id, is_ssl_enabled, host, port, send_email_path, template_name, template_params) values ('tenant1', 0, 'localhost', 9090, '/sendEmail', 'default', '{}') ON DUPLICATE KEY UPDATE tenant_id = "tenant1";
insert into fb_config (tenant_id, app_id, app_secret) values ('tenant1', 'id', 'secret') ON DUPLICATE KEY UPDATE tenant_id = "tenant1";
insert into google_config (tenant_id, client_id, client_secret) values ('tenant1', 'client-id', 'client-secret') ON DUPLICATE KEY UPDATE tenant_id = "tenant1";
insert into otp_config (tenant_id, is_otp_mocked, whitelisted_inputs) values ('tenant1', 1, '{}') ON DUPLICATE KEY UPDATE tenant_id = "tenant1";
insert into sms_config (tenant_id, is_ssl_enabled, host, port, send_sms_path, template_name, template_params) values ('tenant1', 0, 'localhost', 9090, '/sendSms', 'default', '{}') ON DUPLICATE KEY UPDATE tenant_id = "tenant1";
insert into token_config (tenant_id, algorithm, issuer, rsa_keys, access_token_expiry, refresh_token_expiry, id_token_expiry, id_token_claims,cookie_same_site, cookie_domain, cookie_path, cookie_secure, cookie_http_only, access_token_claims) values ('tenant1', 'RS256', 'https://test.com', json_array(json_object("current", "true", "kid", "test-kid", "private_key", "-----BEGIN RSA PRIVATE KEY-----\nMIIEowIBAAKCAQEAinYeXJY9uI5j9gnRYJxX/A0LCgVQ8NEfnghPzo75Vt6J+ijG\nOUkpyJ65p8VxztAwXO9200Ro3YSgP1sxluWS4Xj/aMbPbYcbFpFlDvZ9c1zjsFKy\ncUmOouz3fBump92qJoOcuKCoKmS5GZncC6hUKsTyp+0aUXMlKE7ViJaFtRgGmEfy\nHMlqr3o01cOH8lesyfAnrKcOtyNjAxlNR9E2S4HEBpT8fumYIVii5my55k8TWBaO\n+iEy4oNjSsRj4gxJvLnVRenXWE/l5gKVDipl98SVHWaCDRr5qFtDO0dwcXb9+Ep4\n2OTsBi8q2XcHTfsyfX/sClAMQtBmAemmdS5kEQIDAQABAoIBADISTSCGZIOdWqDb\nJBCf+WF5Bgj1qzOrLJflwZadNaYojBUfMa/9uVKHs/Pr/yAfQZ4aKwpzrsiM8bZ3\nsBM1qkxHiXXGj7S4Kx+aLMWgdfWGHgDhpw4435Ajycvj4/zIuIN9DOvnjWjnS9jq\nPx0oHmfpGSeJIv9ZeJJ/D9F5PZkjLUFAjaipjlrgV38PCFYryb+pcwPsLrJ/Su56\nz4DL4u2R9Nw7RQcuqrbN/gAkQlMah9UOBW3P8Pob4k30RCtP1mBX6HztYoCC75VM\norLFgHcmOBz4SilA5QFADl8ruAc2lEwJiBwpAOsSVUCfZIZKzXkSQf2jAIjDlIRH\n6WqQvhECgYEA+y0x+x+ByCYLeWe+/gcB5s9YbMYTPzcJqzGVVg5rI4fhatuP+tEX\ncfPR7+RzcvlOKhpcj7+KqUKUiYPJ8RH49dQuEpcuBJPX243l1tosuV+JwwZVpDtn\nQcuH/2dxxGu3Cx7cw2OkgJ/lpQHUwFq7DAIZFj3JsMlNRf2KQ2MVc8sCgYEAjR7O\nbRp+/k2mAttj0PAsQKYWxbAEE5vGRTcIVGzoY0krO1Ttv2qjP9OmA/RAtuGhhadu\n9pbc5Cn4IrvNnsI0wGYJcJ+4gKd2LnZl2UzVJ43UxjeNkg+go7+QFSEb5D74d+Xa\nMwqxF1GDSWhIeytA+UoE8FQ5/M+qTLzRTgui5BMCgYBjGWzL2J1620/RoZYgYaFl\ncE9B81Bqs4tUCOcTofKxfQ35/BCtc8udQQaGcIsARM6LHAWDDZ5ms4cpTl7hhybD\nzugym4UjdzVGQZD6GPBmXwRaduhZOLq/oc7RfP3M8nawo4eUa37e5LdVSAipr+J2\nlWlSdiRaZMHhKGxhs/klywKBgBRqVYCxKZgOkaquJHWQmUZNANRej2hqy7ctq/XS\nv5fFeQyfT7m2aqGMM+M0jbwnTh+wxjvEPXaAn9YehzOlcs42tLznTmDGWTGFjVxv\nYhLT0OlQFhoASsQFrYlw/cD6XyWxSezCajYuY6jV/k5bRo4J6EcAWFc7j66ETl9V\nDZ6jAoGBAMH8m80u6bhLBxcr8y5n89VtglNFZ7eg6Y9ZKOTBeXG0DFXKN7ZVZ26Z\n4+nNITgldxasLQYKrvuSi/j9rkkV5GzzYWfZR38CNb2WxaJy0DNp0eH3L5T3ywkh\nIhPWp56/sF46YfFYfTH6b2diJf3NFETfYcX1f+39hfGANY+LKzuV\n-----END RSA PRIVATE KEY-----", "public_key", "-----BEGIN PUBLIC KEY-----\nMIIBIjANBgkqhkiG9w0BAQEFAAOCAQ8AMIIBCgKCAQEAinYeXJY9uI5j9gnRYJxX\n/A0LCgVQ8NEfnghPzo75Vt6J+ijGOUkpyJ65p8VxztAwXO9200Ro3YSgP1sxluWS\n4Xj/aMbPbYcbFpFlDvZ9c1zjsFKycUmOouz3fBump92qJoOcuKCoKmS5GZncC6hU\nKsTyp+0aUXMlKE7ViJaFtRgGmEfyHMlqr3o01cOH8lesyfAnrKcOtyNjAxlNR9E2\nS4HEBpT8fumYIVii5my55k8TWBaO+iEy4oNjSsRj4gxJvLnVRenXWE/l5gKVDipl\n98SVHWaCDRr5qFtDO0dwcXb9+Ep42OTsBi8q2XcHTfsyfX/sClAMQtBmAemmdS5k\nEQIDAQAB\n-----END PUBLIC KEY-----")), 900, 86400, 3600, json_array(),"NONE", "test.com", "/", true, true, json_array()) ON DUPLICATE KEY UPDATE tenant_id = "tenant1";
insert into user_config (tenant_id, host, port, is_ssl_enabled, get_user_path, create_user_path, authenticate_user_path, add_provider_path) values ('tenant1', 'localhost', 9090, 0, '/user', '/user', '/authenticateUser', '/provider') ON DUPLICATE KEY UPDATE tenant_id = "tenant1";
insert into contact_verify_config (tenant_id, is_otp_mocked, whitelisted_inputs) values ('tenant1', 1, '{}') ON DUPLICATE KEY UPDATE tenant_id = "tenant1";
insert into admin_config (tenant_id, username, password) values ('tenant1', 'admin', 'admin123') ON DUPLICATE KEY UPDATE tenant_id = "tenant1";
insert into scope (tenant_id, name, display_name, description, icon_url, claims, is_oidc) values ('tenant1', 'profile', 'Profile', 'Profile scope for user information', "", json_array("name", "family_name", "given_name"), 1);
insert into `oidc_config` (`tenant_id`, `issuer`, `authorization_endpoint`, `token_endpoint`, `userinfo_endpoint`, `revocation_endpoint`, `jwks_uri`, `grant_types_supported`, `response_types_supported`, `subject_types_supported`, `id_token_signing_alg_values_supported`, `token_endpoint_auth_methods_supported`, `login_page_uri`, `consent_page_uri`, `authorize_ttl`) VALUES ('tenant1', 'https://auth.example.com', 'https://auth.example.com/oauth2/authorize', 'https://auth.example.com/oauth2/token', 'https://auth.example.com/userinfo', 'https://auth.example.com/oauth2/revoke', 'https://auth.example.com/.well-known/jwks.json', JSON_ARRAY('authorization_code', 'client_credentials', 'refresh_token'), JSON_ARRAY('code'), JSON_ARRAY('public'), JSON_ARRAY('RS256'), JSON_ARRAY('client_secret_basic', 'client_secret_post'), 'https://auth.example.com/login', 'https://auth.example.com/consent', 600);
insert into guest_config (tenant_id, is_encrypted, shared_secret_key, allowed_scopes) values ('tenant1', true, '2CmxIQJd8UJWAdn9', JSON_ARRAY('profile', 'email', 'phone')) ON DUPLICATE KEY UPDATE tenant_id = "tenant1";

# Otp is not mocked
insert into tenant (id, name) VALUES ('tenant2', 'tenant 2') ON DUPLICATE KEY UPDATE id = "tenant2";
insert into auth_code_config (tenant_id, ttl, length) values ('tenant2', 900, 50) ON DUPLICATE KEY UPDATE tenant_id = "tenant2";
insert into email_config (tenant_id, is_ssl_enabled, host, port, send_email_path, template_name, template_params) values ('tenant2', 0, 'localhost', 9090, '/sendEmail', 'otp', '{}') ON DUPLICATE KEY UPDATE tenant_id = "tenant2";
insert into fb_config (tenant_id, app_id, app_secret) values ('tenant2', 'id', 'secret') ON DUPLICATE KEY UPDATE tenant_id = "tenant2";
insert into google_config (tenant_id, client_id, client_secret) values ('tenant2', 'client-id', 'client-secret') ON DUPLICATE KEY UPDATE tenant_id = "tenant2";
insert into otp_config (tenant_id, is_otp_mocked, whitelisted_inputs) values ('tenant2', 0, '{}') ON DUPLICATE KEY UPDATE tenant_id = "tenant2";
insert into sms_config (tenant_id, is_ssl_enabled, host, port, send_sms_path, template_name, template_params) values ('tenant2', 0, 'localhost', 9090, '/sendSms', 'otp', '{}') ON DUPLICATE KEY UPDATE tenant_id = "tenant2";
insert into token_config (tenant_id, algorithm, issuer, rsa_keys, access_token_expiry, refresh_token_expiry, id_token_expiry, id_token_claims,cookie_same_site, cookie_domain, cookie_path, cookie_secure, cookie_http_only, access_token_claims) values ('tenant2', 'RS256', 'https://test.com', json_array(json_object("current", "true", "kid", "test-kid", "private_key", "-----BEGIN RSA PRIVATE KEY-----\nMIIEowIBAAKCAQEAinYeXJY9uI5j9gnRYJxX/A0LCgVQ8NEfnghPzo75Vt6J+ijG\nOUkpyJ65p8VxztAwXO9200Ro3YSgP1sxluWS4Xj/aMbPbYcbFpFlDvZ9c1zjsFKy\ncUmOouz3fBump92qJoOcuKCoKmS5GZncC6hUKsTyp+0aUXMlKE7ViJaFtRgGmEfy\nHMlqr3o01cOH8lesyfAnrKcOtyNjAxlNR9E2S4HEBpT8fumYIVii5my55k8TWBaO\n+iEy4oNjSsRj4gxJvLnVRenXWE/l5gKVDipl98SVHWaCDRr5qFtDO0dwcXb9+Ep4\n2OTsBi8q2XcHTfsyfX/sClAMQtBmAemmdS5kEQIDAQABAoIBADISTSCGZIOdWqDb\nJBCf+WF5Bgj1qzOrLJflwZadNaYojBUfMa/9uVKHs/Pr/yAfQZ4aKwpzrsiM8bZ3\nsBM1qkxHiXXGj7S4Kx+aLMWgdfWGHgDhpw4435Ajycvj4/zIuIN9DOvnjWjnS9jq\nPx0oHmfpGSeJIv9ZeJJ/D9F5PZkjLUFAjaipjlrgV38PCFYryb+pcwPsLrJ/Su56\nz4DL4u2R9Nw7RQcuqrbN/gAkQlMah9UOBW3P8Pob4k30RCtP1mBX6HztYoCC75VM\norLFgHcmOBz4SilA5QFADl8ruAc2lEwJiBwpAOsSVUCfZIZKzXkSQf2jAIjDlIRH\n6WqQvhECgYEA+y0x+x+ByCYLeWe+/gcB5s9YbMYTPzcJqzGVVg5rI4fhatuP+tEX\ncfPR7+RzcvlOKhpcj7+KqUKUiYPJ8RH49dQuEpcuBJPX243l1tosuV+JwwZVpDtn\nQcuH/2dxxGu3Cx7cw2OkgJ/lpQHUwFq7DAIZFj3JsMlNRf2KQ2MVc8sCgYEAjR7O\nbRp+/k2mAttj0PAsQKYWxbAEE5vGRTcIVGzoY0krO1Ttv2qjP9OmA/RAtuGhhadu\n9pbc5Cn4IrvNnsI0wGYJcJ+4gKd2LnZl2UzVJ43UxjeNkg+go7+QFSEb5D74d+Xa\nMwqxF1GDSWhIeytA+UoE8FQ5/M+qTLzRTgui5BMCgYBjGWzL2J1620/RoZYgYaFl\ncE9B81Bqs4tUCOcTofKxfQ35/BCtc8udQQaGcIsARM6LHAWDDZ5ms4cpTl7hhybD\nzugym4UjdzVGQZD6GPBmXwRaduhZOLq/oc7RfP3M8nawo4eUa37e5LdVSAipr+J2\nlWlSdiRaZMHhKGxhs/klywKBgBRqVYCxKZgOkaquJHWQmUZNANRej2hqy7ctq/XS\nv5fFeQyfT7m2aqGMM+M0jbwnTh+wxjvEPXaAn9YehzOlcs42tLznTmDGWTGFjVxv\nYhLT0OlQFhoASsQFrYlw/cD6XyWxSezCajYuY6jV/k5bRo4J6EcAWFc7j66ETl9V\nDZ6jAoGBAMH8m80u6bhLBxcr8y5n89VtglNFZ7eg6Y9ZKOTBeXG0DFXKN7ZVZ26Z\n4+nNITgldxasLQYKrvuSi/j9rkkV5GzzYWfZR38CNb2WxaJy0DNp0eH3L5T3ywkh\nIhPWp56/sF46YfFYfTH6b2diJf3NFETfYcX1f+39hfGANY+LKzuV\n-----END RSA PRIVATE KEY-----", "public_key", "-----BEGIN PUBLIC KEY-----\nMIIBIjANBgkqhkiG9w0BAQEFAAOCAQ8AMIIBCgKCAQEAinYeXJY9uI5j9gnRYJxX\n/A0LCgVQ8NEfnghPzo75Vt6J+ijGOUkpyJ65p8VxztAwXO9200Ro3YSgP1sxluWS\n4Xj/aMbPbYcbFpFlDvZ9c1zjsFKycUmOouz3fBump92qJoOcuKCoKmS5GZncC6hU\nKsTyp+0aUXMlKE7ViJaFtRgGmEfyHMlqr3o01cOH8lesyfAnrKcOtyNjAxlNR9E2\nS4HEBpT8fumYIVii5my55k8TWBaO+iEy4oNjSsRj4gxJvLnVRenXWE/l5gKVDipl\n98SVHWaCDRr5qFtDO0dwcXb9+Ep42OTsBi8q2XcHTfsyfX/sClAMQtBmAemmdS5k\nEQIDAQAB\n-----END PUBLIC KEY-----")), 900, 86400, 3600, json_array(),"NONE", "test.com", "/", true, true, json_array()) ON DUPLICATE KEY UPDATE tenant_id = "tenant2";
insert into user_config (tenant_id, host, port, is_ssl_enabled, get_user_path, create_user_path, authenticate_user_path, add_provider_path) values ('tenant2', 'localhost', 9090, 0, '/user', '/user', '/authenticateUser', '/provider') ON DUPLICATE KEY UPDATE tenant_id = "tenant2";
insert into scope (tenant_id, name, display_name, description, icon_url, claims, is_oidc) values ('tenant2', 'profile', 'Profile', 'Profile scope for user information', "", json_array("name", "family_name"), 0);
insert into contact_verify_config (tenant_id, otp_resend_interval, is_otp_mocked, whitelisted_inputs) values ('tenant2', 2,0, '{}') ON DUPLICATE KEY UPDATE tenant_id = "tenant2";
insert into admin_config (tenant_id, username, password) values ('tenant2', 'admin2', 'admin456') ON DUPLICATE KEY UPDATE tenant_id = "tenant2";
insert into `oidc_config` (`tenant_id`, `issuer`, `authorization_endpoint`, `token_endpoint`, `userinfo_endpoint`, `revocation_endpoint`, `jwks_uri`, `grant_types_supported`, `response_types_supported`, `subject_types_supported`, `id_token_signing_alg_values_supported`, `token_endpoint_auth_methods_supported`, `login_page_uri`, `consent_page_uri`, `authorize_ttl`) VALUES ('tenant2', 'https://auth.example.com', 'https://auth.example.com/oauth2/authorize', 'https://auth.example.com/oauth2/token', 'https://auth.example.com/userinfo', 'https://auth.example.com/oauth2/revoke', 'https://auth.example.com/.well-known/jwks.json', JSON_ARRAY('authorization_code', 'refresh_token'), JSON_ARRAY('code'), JSON_ARRAY('public'), JSON_ARRAY('RS256'), JSON_ARRAY('client_secret_basic', 'client_secret_post'), 'https://auth.example.com/login', 'https://auth.example.com/consent', 600);
insert into guest_config (tenant_id, is_encrypted, shared_secret_key, allowed_scopes) values ('tenant2', false, null, JSON_ARRAY('profile', 'email', 'phone')) ON DUPLICATE KEY UPDATE tenant_id = "tenant2";

# Multiple rsa keys tenant
INSERT INTO tenant (id, name) VALUES ('tenant3', 'tenant 3') ON DUPLICATE KEY UPDATE id = 'tenant3';
INSERT INTO auth_code_config (tenant_id, ttl, length) VALUES ('tenant3', 900, 50) ON DUPLICATE KEY UPDATE tenant_id = 'tenant3';
INSERT INTO email_config (tenant_id, is_ssl_enabled, host, port, send_email_path, template_name, template_params) VALUES ('tenant3', 0, 'localhost', 9090, '/sendEmail', 'default', '{}') ON DUPLICATE KEY UPDATE tenant_id = 'tenant3';
INSERT INTO fb_config (tenant_id, app_id, app_secret) VALUES ('tenant3', 'id', 'secret') ON DUPLICATE KEY UPDATE tenant_id = 'tenant3';
INSERT INTO google_config (tenant_id, client_id, client_secret) VALUES ('tenant3', 'client-id', 'client-secret') ON DUPLICATE KEY UPDATE tenant_id = 'tenant3';
INSERT INTO otp_config (tenant_id, is_otp_mocked, whitelisted_inputs) VALUES ('tenant3', 1, '{}') ON DUPLICATE KEY UPDATE tenant_id = 'tenant3';
INSERT INTO sms_config (tenant_id, is_ssl_enabled, host, port, send_sms_path, template_name, template_params) VALUES ('tenant3', 0, 'localhost', 9090, '/sendSms', 'default', '{}') ON DUPLICATE KEY UPDATE tenant_id = 'tenant3';
INSERT INTO token_config (tenant_id, algorithm, issuer, rsa_keys, access_token_expiry, refresh_token_expiry, id_token_expiry, id_token_claims, cookie_same_site, cookie_domain, cookie_path, cookie_secure, cookie_http_only, access_token_claims) VALUES ('tenant3', 'RS256', 'https://test.com', JSON_ARRAY( json_object("current", "true", "kid", "multi-key-1", "private_key", "-----BEGIN RSA PRIVATE KEY-----\nMIIEowIBAAKCAQEAinYeXJY9uI5j9gnRYJxX/A0LCgVQ8NEfnghPzo75Vt6J+ijG\nOUkpyJ65p8VxztAwXO9200Ro3YSgP1sxluWS4Xj/aMbPbYcbFpFlDvZ9c1zjsFKy\ncUmOouz3fBump92qJoOcuKCoKmS5GZncC6hUKsTyp+0aUXMlKE7ViJaFtRgGmEfy\nHMlqr3o01cOH8lesyfAnrKcOtyNjAxlNR9E2S4HEBpT8fumYIVii5my55k8TWBaO\n+iEy4oNjSsRj4gxJvLnVRenXWE/l5gKVDipl98SVHWaCDRr5qFtDO0dwcXb9+Ep4\n2OTsBi8q2XcHTfsyfX/sClAMQtBmAemmdS5kEQIDAQABAoIBADISTSCGZIOdWqDb\nJBCf+WF5Bgj1qzOrLJflwZadNaYojBUfMa/9uVKHs/Pr/yAfQZ4aKwpzrsiM8bZ3\nsBM1qkxHiXXGj7S4Kx+aLMWgdfWGHgDhpw4435Ajycvj4/zIuIN9DOvnjWjnS9jq\nPx0oHmfpGSeJIv9ZeJJ/D9F5PZkjLUFAjaipjlrgV38PCFYryb+pcwPsLrJ/Su56\nz4DL4u2R9Nw7RQcuqrbN/gAkQlMah9UOBW3P8Pob4k30RCtP1mBX6HztYoCC75VM\norLFgHcmOBz4SilA5QFADl8ruAc2lEwJiBwpAOsSVUCfZIZKzXkSQf2jAIjDlIRH\n6WqQvhECgYEA+y0x+x+ByCYLeWe+/gcB5s9YbMYTPzcJqzGVVg5rI4fhatuP+tEX\ncfPR7+RzcvlOKhpcj7+KqUKUiYPJ8RH49dQuEpcuBJPX243l1tosuV+JwwZVpDtn\nQcuH/2dxxGu3Cx7cw2OkgJ/lpQHUwFq7DAIZFj3JsMlNRf2KQ2MVc8sCgYEAjR7O\nbRp+/k2mAttj0PAsQKYWxbAEE5vGRTcIVGzoY0krO1Ttv2qjP9OmA/RAtuGhhadu\n9pbc5Cn4IrvNnsI0wGYJcJ+4gKd2LnZl2UzVJ43UxjeNkg+go7+QFSEb5D74d+Xa\nMwqxF1GDSWhIeytA+UoE8FQ5/M+qTLzRTgui5BMCgYBjGWzL2J1620/RoZYgYaFl\ncE9B81Bqs4tUCOcTofKxfQ35/BCtc8udQQaGcIsARM6LHAWDDZ5ms4cpTl7hhybD\nzugym4UjdzVGQZD6GPBmXwRaduhZOLq/oc7RfP3M8nawo4eUa37e5LdVSAipr+J2\nlWlSdiRaZMHhKGxhs/klywKBgBRqVYCxKZgOkaquJHWQmUZNANRej2hqy7ctq/XS\nv5fFeQyfT7m2aqGMM+M0jbwnTh+wxjvEPXaAn9YehzOlcs42tLznTmDGWTGFjVxv\nYhLT0OlQFhoASsQFrYlw/cD6XyWxSezCajYuY6jV/k5bRo4J6EcAWFc7j66ETl9V\nDZ6jAoGBAMH8m80u6bhLBxcr8y5n89VtglNFZ7eg6Y9ZKOTBeXG0DFXKN7ZVZ26Z\n4+nNITgldxasLQYKrvuSi/j9rkkV5GzzYWfZR38CNb2WxaJy0DNp0eH3L5T3ywkh\nIhPWp56/sF46YfFYfTH6b2diJf3NFETfYcX1f+39hfGANY+LKzuV\n-----END RSA PRIVATE KEY-----", "public_key", "-----BEGIN PUBLIC KEY-----\nMIIBIjANBgkqhkiG9w0BAQEFAAOCAQ8AMIIBCgKCAQEAinYeXJY9uI5j9gnRYJxX\n/A0LCgVQ8NEfnghPzo75Vt6J+ijGOUkpyJ65p8VxztAwXO9200Ro3YSgP1sxluWS\n4Xj/aMbPbYcbFpFlDvZ9c1zjsFKycUmOouz3fBump92qJoOcuKCoKmS5GZncC6hU\nKsTyp+0aUXMlKE7ViJaFtRgGmEfyHMlqr3o01cOH8lesyfAnrKcOtyNjAxlNR9E2\nS4HEBpT8fumYIVii5my55k8TWBaO+iEy4oNjSsRj4gxJvLnVRenXWE/l5gKVDipl\n98SVHWaCDRr5qFtDO0dwcXb9+Ep42OTsBi8q2XcHTfsyfX/sClAMQtBmAemmdS5k\nEQIDAQAB\n-----END PUBLIC KEY-----"), json_object("current", "false", "kid", "multi-key-2", "private_key", "-----BEGIN RSA PRIVATE KEY-----\nMIIEowIBAAKCAQEAinYeXJY9uI5j9gnRYJxX/A0LCgVQ8NEfnghPzo75Vt6J+ijG\nOUkpyJ65p8VxztAwXO9200Ro3YSgP1sxluWS4Xj/aMbPbYcbFpFlDvZ9c1zjsFKy\ncUmOouz3fBump92qJoOcuKCoKmS5GZncC6hUKsTyp+0aUXMlKE7ViJaFtRgGmEfy\nHMlqr3o01cOH8lesyfAnrKcOtyNjAxlNR9E2S4HEBpT8fumYIVii5my55k8TWBaO\n+iEy4oNjSsRj4gxJvLnVRenXWE/l5gKVDipl98SVHWaCDRr5qFtDO0dwcXb9+Ep4\n2OTsBi8q2XcHTfsyfX/sClAMQtBmAemmdS5kEQIDAQABAoIBADISTSCGZIOdWqDb\nJBCf+WF5Bgj1qzOrLJflwZadNaYojBUfMa/9uVKHs/Pr/yAfQZ4aKwpzrsiM8bZ3\nsBM1qkxHiXXGj7S4Kx+aLMWgdfWGHgDhpw4435Ajycvj4/zIuIN9DOvnjWjnS9jq\nPx0oHmfpGSeJIv9ZeJJ/D9F5PZkjLUFAjaipjlrgV38PCFYryb+pcwPsLrJ/Su56\nz4DL4u2R9Nw7RQcuqrbN/gAkQlMah9UOBW3P8Pob4k30RCtP1mBX6HztYoCC75VM\norLFgHcmOBz4SilA5QFADl8ruAc2lEwJiBwpAOsSVUCfZIZKzXkSQf2jAIjDlIRH\n6WqQvhECgYEA+y0x+x+ByCYLeWe+/gcB5s9YbMYTPzcJqzGVVg5rI4fhatuP+tEX\ncfPR7+RzcvlOKhpcj7+KqUKUiYPJ8RH49dQuEpcuBJPX243l1tosuV+JwwZVpDtn\nQcuH/2dxxGu3Cx7cw2OkgJ/lpQHUwFq7DAIZFj3JsMlNRf2KQ2MVc8sCgYEAjR7O\nbRp+/k2mAttj0PAsQKYWxbAEE5vGRTcIVGzoY0krO1Ttv2qjP9OmA/RAtuGhhadu\n9pbc5Cn4IrvNnsI0wGYJcJ+4gKd2LnZl2UzVJ43UxjeNkg+go7+QFSEb5D74d+Xa\nMwqxF1GDSWhIeytA+UoE8FQ5/M+qTLzRTgui5BMCgYBjGWzL2J1620/RoZYgYaFl\ncE9B81Bqs4tUCOcTofKxfQ35/BCtc8udQQaGcIsARM6LHAWDDZ5ms4cpTl7hhybD\nzugym4UjdzVGQZD6GPBmXwRaduhZOLq/oc7RfP3M8nawo4eUa37e5LdVSAipr+J2\nlWlSdiRaZMHhKGxhs/klywKBgBRqVYCxKZgOkaquJHWQmUZNANRej2hqy7ctq/XS\nv5fFeQyfT7m2aqGMM+M0jbwnTh+wxjvEPXaAn9YehzOlcs42tLznTmDGWTGFjVxv\nYhLT0OlQFhoASsQFrYlw/cD6XyWxSezCajYuY6jV/k5bRo4J6EcAWFc7j66ETl9V\nDZ6jAoGBAMH8m80u6bhLBxcr8y5n89VtglNFZ7eg6Y9ZKOTBeXG0DFXKN7ZVZ26Z\n4+nNITgldxasLQYKrvuSi/j9rkkV5GzzYWfZR38CNb2WxaJy0DNp0eH3L5T3ywkh\nIhPWp56/sF46YfFYfTH6b2diJf3NFETfYcX1f+39hfGANY+LKzuV\n-----END RSA PRIVATE KEY-----", "public_key", "-----BEGIN PUBLIC KEY-----\nMIIBIjANBgkqhkiG9w0BAQEFAAOCAQ8AMIIBCgKCAQEAinYeXJY9uI5j9gnRYJxX\n/A0LCgVQ8NEfnghPzo75Vt6J+ijGOUkpyJ65p8VxztAwXO9200Ro3YSgP1sxluWS\n4Xj/aMbPbYcbFpFlDvZ9c1zjsFKycUmOouz3fBump92qJoOcuKCoKmS5GZncC6hU\nKsTyp+0aUXMlKE7ViJaFtRgGmEfyHMlqr3o01cOH8lesyfAnrKcOtyNjAxlNR9E2\nS4HEBpT8fumYIVii5my55k8TWBaO+iEy4oNjSsRj4gxJvLnVRenXWE/l5gKVDipl\n98SVHWaCDRr5qFtDO0dwcXb9+Ep42OTsBi8q2XcHTfsyfX/sClAMQtBmAemmdS5k\nEQIDAQAB\n-----END PUBLIC KEY-----") ), 900, 86400, 3600, JSON_ARRAY(), 'NONE', 'test.com', '/', true, true, JSON_ARRAY('item1', 'item2')) ON DUPLICATE KEY UPDATE tenant_id = 'tenant3';
INSERT INTO user_config (tenant_id, host, port, is_ssl_enabled, get_user_path, create_user_path, authenticate_user_path, add_provider_path) VALUES ('tenant3', 'localhost', 9090, 0, '/user', '/user', '/authenticateUser', '/provider') ON DUPLICATE KEY UPDATE tenant_id = 'tenant3';
insert into contact_verify_config (tenant_id, otp_resend_interval, is_otp_mocked, whitelisted_inputs) values ('tenant3', 2,0, '{}') ON DUPLICATE KEY UPDATE tenant_id = "tenant3";
insert into admin_config (tenant_id, username, password) values ('tenant3', 'admin3', 'admin789') ON DUPLICATE KEY UPDATE tenant_id = 'tenant3';
insert into scope (tenant_id, name, display_name, description, icon_url, claims, is_oidc) values ('tenant3', 'profile', 'Profile', 'Profile scope for user information', "", json_array("name", "family_name"), 0);
insert into `oidc_config` (`tenant_id`, `issuer`, `authorization_endpoint`, `token_endpoint`, `userinfo_endpoint`, `revocation_endpoint`, `jwks_uri`, `grant_types_supported`, `response_types_supported`, `subject_types_supported`, `id_token_signing_alg_values_supported`, `token_endpoint_auth_methods_supported`, `login_page_uri`, `consent_page_uri`, `authorize_ttl`) VALUES ('tenant3', 'https://auth.example.com', 'https://auth.example.com/oauth2/authorize', 'https://auth.example.com/oauth2/token', 'https://auth.example.com/userinfo', 'https://auth.example.com/oauth2/revoke', 'https://auth.example.com/.well-known/jwks.json', JSON_ARRAY('authorization_code', 'refresh_token'), JSON_ARRAY('code'), JSON_ARRAY('public'), JSON_ARRAY('RS256'), JSON_ARRAY('client_secret_basic', 'client_secret_post'), 'https://auth.example.com/login', 'https://auth.example.com/consent', 600);
insert into guest_config (tenant_id, is_encrypted, shared_secret_key, allowed_scopes) values ('tenant3', true, '3DmxIQJd8UJWAdnn', JSON_ARRAY('profile', 'phone')) ON DUPLICATE KEY UPDATE tenant_id = "tenant3";
